热门查询,点击次数,展示,点击率,排名
terminus code,14641,29174,50.19%,1.59
bo6 terminus code,12321,25121,49.05%,1.57
terminus easter egg code solver,6110,10736,56.91%,1.27
terminus code solver,5581,37176,15.01%,5.74
terminus easter egg code,3494,7290,47.93%,2.66
code terminus bo6,3387,5545,61.08%,1.53
bo6 terminus code solver,2610,7030,37.13%,2.56
terminus code bo6,2265,6188,36.6%,2.17
black ops 6 terminus code solver,2093,6341,33.01%,2.58
terminus calculator,1972,31713,6.22%,6.04
terminus code calculator,1837,24564,7.48%,4.86
bo6 zombies terminus code,1734,5288,32.79%,2.71
bo6 terminus calculator,1463,37431,3.91%,5.18
terminus sequence bo6,1251,2280,54.87%,2.04
code terminus,1128,2963,38.07%,2.78
bo6 code calculator,944,2381,39.65%,1.75
bo6 zombies calculator,725,3277,22.12%,2.57
terminus easter egg solver,720,2193,32.83%,2.12
bo6 code terminus,717,1783,40.21%,2.5
terminus calculator bo6,621,12853,4.83%,6
code bo6 terminus,615,1187,51.81%,2.17
bo6 calculator,614,13620,4.51%,4.6
terminus codes,577,1290,44.73%,2.31
bo6 zombies code terminus,552,2614,21.12%,4.46
terminus input sequence,552,2032,27.17%,3.46
terminus easter egg,518,37883,1.37%,6.33
terminus easter egg calculator,508,19809,2.56%,6.26
black ops 6 terminus code,492,2875,17.11%,4.55
terminus bo6 code,454,1267,35.83%,2.81
bo6 terminus easter egg code,414,1014,40.83%,4.19
code for terminus bo6,406,1843,22.03%,3.48
input sequence terminus bo6,395,2914,13.56%,6.04
terminus code generator,372,643,57.85%,1.58
bo6 code solver,368,761,48.36%,1.75
terminus xyz calculator,359,3625,9.9%,5.06
bo6 zombies terminus code calculator,345,974,35.42%,2.51
terminus easter egg code calculator,305,1289,23.66%,3.35
bo6 zombies code calculator,302,811,37.24%,1.99
terminus sequence code,298,562,53.02%,1.82
bo6 equation solver,296,887,33.37%,2.42
cod bo6 terminus code,295,1287,22.92%,4.05
cod terminus code,279,1353,20.62%,4.48
bo6 math solver,244,872,27.98%,2.71
terminus sequence code bo6,236,565,41.77%,2.51
bo6 terminus easter egg calculator,231,1091,21.17%,3.28
terminus cal,227,417,54.44%,1.63
bo6 terminus code calculator,217,3630,5.98%,5.68
bo6 easter egg calculator,216,645,33.49%,1.93
terminus xyz code,213,574,37.11%,2.42
bo6 terminus easter egg code solver,213,459,46.41%,1.96
black ops 6 calculator,208,1595,13.04%,3.2
zombies calculator bo6,207,979,21.14%,2.94
easter egg terminus code,200,485,41.24%,5.13
input sequence bo6,188,383,49.09%,2.7
b06 terminus code,183,588,31.12%,3.29
xyz code terminus,178,383,46.48%,2.05
cod bo6 terminus calculator,168,1170,14.36%,3.66
bo6 terminus sequence,166,356,46.63%,2.74
b06 terminus calculator,165,1138,14.5%,3.86
code for terminus,162,1107,14.63%,4.75
bo6 zombie calculator,159,1360,11.69%,3.29
bo6 zombie terminus code,154,667,23.09%,4.22
terminus number code,150,401,37.41%,2.89
terminus ee calculator,148,1752,8.45%,5.54
cod calculator bo6,148,424,34.91%,1.89
b06 calculator,147,694,21.18%,2.8
bo6 terminus codes,147,443,33.18%,2.43
bo6 input sequence,145,372,38.98%,3.46
bo6 zombie code calculator,142,448,31.7%,2.76
black ops 6 zombies terminus code,139,1877,7.41%,6.77
terminal code bo6,133,278,47.84%,2.01
terminus easter egg math solver,130,678,19.17%,3.77
cod bo6 calculator,128,421,30.4%,1.86
bo6 zombies terminus code solver,124,250,49.6%,2.63
bo6 zombies terminus calculator,121,1402,8.63%,4.82
terminus easter egg math,117,1297,9.02%,5.12
bo6 xyz code,117,247,47.37%,1.91
solve terminus code,116,426,27.23%,4.01
sequence terminus bo6,116,270,42.96%,2.99
bo6 solver,115,301,38.21%,1.85
terminus solver bo6,112,921,12.16%,5.58
terminus code easter egg,107,347,30.84%,5.03
terminus ee solver,107,294,36.39%,2.12
black ops 6 terminus calculator,104,2632,3.95%,5.84
equation bo6 terminus,102,637,16.01%,5.37
terminis code,102,196,52.04%,1.66
bo6 terminus puzzle solver,101,402,25.12%,4.2
terminus math,100,3119,3.21%,6.12
zombies terminus code,99,1443,6.86%,6.16
codigo terminus bo6,99,415,23.86%,4.86
terminal solver bo6,99,145,68.28%,1.16
code for terminus easter egg,98,457,21.44%,6.08
terminus code tool,98,234,41.88%,2.02
terminus calculator easter egg,97,755,12.85%,5.81
bo6 equation calculator,96,192,50%,1.73
bo6 easter egg solver,96,144,66.67%,1.39
bo6 xyz calculator,93,363,25.62%,2.38
cod easter egg calculator,92,227,40.53%,1.93
bo6 terminus code generator,92,199,46.23%,2
terminus easter egg puzzle solver,89,177,50.28%,1.77
calculadora terminus,88,497,17.71%,4.55
terminal calculator,82,440,18.64%,5.93
bo6 math calculator,81,563,14.39%,2.53
terminus bo6 calculator,80,882,9.07%,5.4
black ops 6 terminus easter egg code,80,501,15.97%,6.33
cod zombies terminus code,79,961,8.22%,6.25
black ops terminus code,79,463,17.06%,5.57
easter egg solver terminus,79,176,44.89%,2.21
xyz calculator bo6,78,192,40.62%,1.95
equation terminus bo6,77,1131,6.81%,6.15
equation bo6,77,389,19.79%,4.88
bo6 terminus math,76,1291,5.89%,5.36
terminus rechner,76,406,18.72%,3.03
bo6 easter egg terminus code,76,191,39.79%,4.38
terminous code,74,115,64.35%,1.39
terminus code breaker,73,458,15.94%,3.99
bo6 zombies code solver,73,167,43.71%,2.63
terminus computer code,72,722,9.97%,6.29
bo6 zombie code terminus,72,323,22.29%,4.84
terminus code guide,72,248,29.03%,4.74
bo6 zombies calculator terminus,71,282,25.18%,3.14
terminus x y z code,71,193,36.79%,2.18
xyz code bo6,71,135,52.59%,1.7
terminus codes bo6,69,184,37.5%,2.72
xyz bo6 code,69,115,60%,1.67
bo6 calculator terminus,68,1429,4.76%,5.7
terminus ee code calculator,67,236,28.39%,3.33
bo6 terminal code,67,194,34.54%,2.44
bo6 easter egg terminus calculator,66,332,19.88%,3.49
bo6 code zombies terminus,65,242,26.86%,4.79
terminus sequence calculator,65,99,65.66%,2.02
bo6 sequence,64,143,44.76%,2.91
call of duty black ops 6 terminus code,63,599,10.52%,6.35
terminus formula bo6,63,161,39.13%,2.75
terminus code generator bo6,62,143,43.36%,1.9
xyz terminus calculator,61,458,13.32%,4.71
bo6 zombies calc,60,213,28.17%,2.42
cod bo6 terminus code calculator,60,210,28.57%,3.04
terminus solve,60,197,30.46%,4.72
terminus map code,60,121,49.59%,2.23
cod bo6 zombies terminus code,59,350,16.86%,5.41
code solver terminus,59,323,18.27%,5.94
black ops 6 terminus solver,59,163,36.2%,2.64
codes for terminus easter egg,59,149,39.6%,5.11
terminus easter egg equation solver,59,135,43.7%,3.11
terminus code website bo6,59,129,45.74%,2.28
site code terminus bo6,59,119,49.58%,3.53
twrminus code,59,105,56.19%,1.7
terminus xyz,58,614,9.45%,4.35
zombies terminus calculator,57,1521,3.75%,5.92
bo6 zombies code,56,489,11.45%,7.37
bo6 easter egg code,56,150,37.33%,3.89
terminus calculator github,56,71,78.87%,1.01
calcul terminus bo6,55,480,11.46%,4.45
terminus easter egg code generator,55,79,69.62%,2.62
bo6 code generator,54,121,44.63%,1.61
bo6 algebra solver,54,115,46.96%,1.94
zombie calculator bo6,52,540,9.63%,3.54
black ops 6 zombies calculator,51,618,8.25%,3.07
code for bo6 terminus,51,240,21.25%,3.91
terminus ee code,51,199,25.63%,4.93
bo6 terminus ee calculator,51,106,48.11%,2.34
zombies code bo6 terminus,50,145,34.48%,4.3
bo6 zombies easter egg calculator,50,81,61.73%,1.6
teminus code,49,109,44.95%,1.59
terminus input code,48,398,12.06%,4.2
bo6 terminus code guide,48,132,36.36%,2.83
codes for terminus,47,192,24.48%,3.84
code bo6 zombie terminus,47,140,33.57%,4.16
terminus code website,47,131,35.88%,2.89
cod bo6 terminus easter egg calculator,47,93,50.54%,2.03
bo6 terminus xyz code,47,73,64.38%,1.6
terminus code step,46,211,21.8%,5.75
termius code solver,46,94,48.94%,2.69
terminus math calculator,45,2429,1.85%,6.98
call of duty terminus code,45,580,7.76%,6.97
terminus wonder weapon calculator,45,498,9.04%,3.15
terminus code solver bo6,45,199,22.61%,4.51
easter egg code terminus,45,155,29.03%,5.65
terminus easter egg rechner,45,79,56.96%,1.9
input sequence terminus,44,310,14.19%,6.83
bo6 calculator zombies,44,163,26.99%,2.5
bo6 terminus easter egg solver,44,101,43.56%,1.8
terminus math puzzle,43,1742,2.47%,7.28
cod bo6 code terminus,43,129,33.33%,3.29
bo6 terminus code breaker,43,125,34.4%,4.35
terminus cose,43,101,42.57%,1.58
code map terminus,43,79,54.43%,3.57
black ops 6 zombies code terminus,42,644,6.52%,7.72
cod terminus code solver,42,213,19.72%,4.54
bo6 calc,41,1489,2.75%,4.56
cod black ops 6 terminus code,41,414,9.9%,6.46
code for bo6 zombies terminus,41,225,18.22%,5.38
black ops 6 code solver,41,146,28.08%,2.54
bo6 terminus math puzzle solver,40,378,10.58%,7.59
xyz bo6 calculator,40,115,34.78%,1.71
code bo6 zombies terminus,40,85,47.06%,2.69
terminus cide,40,76,52.63%,1.55
code solver bo6,40,70,57.14%,1.64
x y z code bo6,39,91,42.86%,1.77
website for terminus code,39,69,56.52%,1.59
termnius code,39,60,65%,1.57
terminus easter egg code website,39,53,73.58%,1.79
bo6 puzzle solver,38,400,9.5%,3.86
code on terminus bo6,38,263,14.45%,4.48
code terminus bo6 calcul,38,218,17.43%,3.67
bo6 code solver terminus,38,132,28.79%,3.65
bo6 equation,37,555,6.67%,6.35
easter egg calculator,37,249,14.86%,3.39
bo6 sequence code,37,79,46.84%,3.81
codes terminus,37,76,48.68%,2.66
terminus math solver,36,1475,2.44%,5.01
xyz terminus,36,397,9.07%,4.27
black ops 6 zombies terminus code calculator,36,311,11.58%,5.26
code in terminus,36,187,19.25%,4
terminus easter egg math step,36,169,21.3%,6.34
terminus solve code,36,156,23.08%,4.49
termius code bo6,36,120,30%,2.94
code map terminus bo6,36,74,48.65%,3.2
terminus easter egg tool,36,71,50.7%,3.32
termunis code,36,68,52.94%,1.6
xyz bo6,35,126,27.78%,2.71
b06 code calculator,35,81,43.21%,1.79
bo6 codes terminus,35,78,44.87%,3.03
bo6 termius code,35,77,45.45%,1.66
termanus code,35,49,71.43%,1.29
terminus code calculator bo6,34,901,3.77%,6.33
black ops 6 code terminus,34,163,20.86%,5.2
bo 6 terminus code,34,144,23.61%,3.02
x y z terminus code,34,87,39.08%,2.44
sequence code terminus,34,76,44.74%,2.04
termins code,34,68,50%,1.54
zombies code terminus,33,362,9.12%,7.4
codigo terminus,33,346,9.54%,8.32
bo6 terminus equation solver,33,132,25%,3.45
terminuscode,33,130,25.38%,4.15
zombies easter egg calculator,33,89,37.08%,1.89
black ops 6 code calculator,32,153,20.92%,2.95
terminus easter egg codes,32,151,21.19%,5.07
xyz terminus code,32,71,45.07%,2.17
code generator terminus bo6,32,46,69.57%,1.37
terminus zombies code,31,452,6.86%,6.83
terminal solver,31,241,12.86%,5.17
bo6 terminus solver,31,237,13.08%,6.36
terminus password bo6,31,141,21.99%,4.04
bo6 terminus math solver,31,138,22.46%,4.73
bo6 terminus code website,31,61,50.82%,1.74
terminus bo6 code generator,31,58,53.45%,1.59
black ops 6 terminus code calculator,30,686,4.37%,5.93
bo6 zombies math calculator,30,246,12.2%,3.32
black ops 6 zombies code solver,30,147,20.41%,2.96
xyz bo6 zombies,30,116,25.86%,3.64
codigo bo6 terminus,30,109,27.52%,4.54
bo6 code for terminus,30,102,29.41%,3.35
zombies code solver,30,62,48.39%,1.98
calculadora terminus bo6,29,279,10.39%,6.49
terminus tool bo6,29,123,23.58%,2.7
code sequence terminus bo6,29,65,44.62%,2.34
terminus code.,29,50,58%,1.46
terminus solver,28,3835,0.73%,8.91
terminus code sequence,28,100,28%,2.95
terminus code finder,28,94,29.79%,2.65
terminus code solve,28,87,32.18%,4.23
cod zombies code solver,28,85,32.94%,3.06
terminus decoder bo6,28,49,57.14%,2.08
sequence bo6,28,44,63.64%,2.36
black ops 6 terminus codes,27,155,17.42%,4.44
bo6 terminus input sequence,27,133,20.3%,5.78
black ops 6 easter egg calculator,27,127,21.26%,2.25
black ops calculator,27,114,23.68%,2.61
code sequence terminus,27,52,51.92%,1.87
terminus easter egg website,27,45,60%,1.8
code zombie bo6 terminus,26,175,14.86%,7.23
cod code terminus,26,105,24.76%,6.01
terminus easter egg algebra solver,26,96,27.08%,3.1
terminus code game,26,88,29.55%,4.6
terminus ee math solver,26,87,29.89%,2.8
bo6 code breaker terminus,26,62,41.94%,3.26
terminus ee code solver,26,51,50.98%,2.55
bo6 terminus equation,25,725,3.45%,6.5
terminus wonder weapon code calculator,25,201,12.44%,3.43
terminus decoder,25,154,16.23%,4.27
bo6 zombies xyz code,25,142,17.61%,3.94
terminus calculation,25,109,22.94%,4.26
code calculator bo6,25,100,25%,2.91
calculateur terminus,25,87,28.74%,3.15
bo6 terminus code tool,25,51,49.02%,2.14
bo6 terminus decoder,25,46,54.35%,1.8
cod bo6 terminus code solver,25,46,54.35%,2.24
bo6 terminus,24,3067,0.78%,9.04
xyz calculator terminus,24,333,7.21%,6.09
terminus island code calculator,24,173,13.87%,4.16
terminus numbers bo6,24,130,18.46%,3.98
terminus easter egg puzzle,24,99,24.24%,6.19
terminus easter egg xyz code,24,46,52.17%,2.8
terminus math step,23,559,4.11%,7.52
zombies terminus code calculator,23,280,8.21%,4.29
code on terminus,23,271,8.49%,5.17
bo6 calcul terminus,23,87,26.44%,3.43
bo6 zombies solver,23,79,29.11%,2.41
b06 calc,23,64,35.94%,1.7
bo6 calculator easter egg,23,43,53.49%,1.09
code generator terminus,23,34,67.65%,1.32
terminus equation calculator,22,920,2.39%,9.85
black ops 6 terminus easter egg calculator,22,272,8.09%,4.17
bo6 terminus computer code,22,148,14.86%,5.95
terminus island code solver,22,59,37.29%,1.95
terminus bo6 code website,22,31,70.97%,1.48
bo6 code,21,1125,1.87%,7.63
terminus symbol calculator,21,545,3.85%,6.3
cod 6 terminus code,21,449,4.68%,6.3
cod zombies code terminus,21,304,6.91%,6.83
calculator terminus bo6,21,219,9.59%,6.68
terminus island code,21,163,12.88%,7.46
terminus calculator bo6 zombies,21,154,13.64%,4.91
terminus island calculator,21,146,14.38%,6.3
zombies bo6 calculator,21,112,18.75%,2.72
bo6 terminus code rechner,21,95,22.11%,4.39
bo6 terminus xyz,21,82,25.61%,2.54
terminus cod code,21,73,28.77%,4.85
terminus symbols bo6,21,66,31.82%,3.26
cod terminus solver,21,53,39.62%,3.53
bo6 zombies terminus easter egg code,21,53,39.62%,5.26
termunus code,21,47,44.68%,1.53
cod bo6 terminus easter egg code,21,41,51.22%,4.07
termnus code,21,37,56.76%,1.24
terminal code calculator,21,31,67.74%,1
how to solve terminus code,20,1366,1.46%,7.71
terminus bo6,20,1262,1.58%,8.6
cod bo6 terminus math,20,179,11.17%,7.01
easter egg solver,20,158,12.66%,2.69
cod terminus easter egg calculator,20,143,13.99%,3.34
all terminus codes,20,133,15.04%,5.35
black ops 6 terminus rechner,20,84,23.81%,2.85
cod 6 terminus code solver,20,83,24.1%,3.75
bo6 zombies terminus easter egg calculator,20,67,29.85%,2.78
bo6 zombies easter egg terminus code,20,66,30.3%,5.48
bo6 terminus sequence code,20,59,33.9%,1.9
x y z bo6,20,54,37.04%,3.22
terminas code,20,39,51.28%,1.38
bo6 x y z code,20,35,57.14%,1.83
termiuns code,20,29,68.97%,1.17
terminus equation bo6,19,415,4.58%,6.87
terminus easter egg equation,19,264,7.2%,6.5
black ops zombies terminus code,19,239,7.95%,6.82
terminus codigo,19,197,9.64%,7.73
bo6 ee calculator,19,66,28.79%,1.35
call of duty black ops 6 terminus code calculator,19,58,32.76%,7.03
equation solver bo6,19,53,35.85%,1.79
terminus number bo6,19,51,37.25%,4.06
bo6 terminis code,19,47,40.43%,2.09
terminus generator,19,41,46.34%,3.22
terminus easter egg decoder,19,35,54.29%,3.69
termuis code,19,30,63.33%,1.2
cod terminus code website,19,26,73.08%,1.27
bo6 terminus calc,18,642,2.8%,5.13
terminus code calc,18,565,3.19%,5.2
terminus numbers,18,276,6.52%,8.17
zombies code calculator,18,260,6.92%,5.13
black ops 6 zombie code terminus,18,177,10.17%,6.8
terminus ee calc,18,148,12.16%,4.74
x y z terminus,18,129,13.95%,4.11
codigo de terminus bo6,18,127,14.17%,5.59
terminus terminal code,18,45,40%,2.58
bo6 code easter egg,18,37,48.65%,3.14
terminal input sequences bo6,18,32,56.25%,2.31
turminus code,18,31,58.06%,1.29
cod black ops 6 terminus code solver,18,30,60%,1.37
bo6 algebra calculator,17,195,8.72%,3.4
terminus code bo6 zombies,17,110,15.45%,4.75
bo6 cal,17,106,16.04%,2.73
terminus zombies code calculator,17,104,16.35%,4.21
bo6 terminus calcul,17,93,18.28%,4.53
codigos terminus bo6,17,89,19.1%,4.79
calculateur bo6,17,84,20.24%,3.52
terminus ee math calculator,17,58,29.31%,2.29
black ops 6 terminus code generator,17,51,33.33%,2.61
terminus math easter egg solver,17,48,35.42%,2.58
black ops 6 terminus easter egg code solver,17,43,39.53%,1.84
sequence bo6 terminus,17,41,41.46%,1.93
teeminus code,17,40,42.5%,1.73
ee terminus calculator,17,38,44.74%,1.37
terminus code decoder,17,35,48.57%,2.63
cod bo6 terminus codes,17,31,54.84%,3.16
terminus website bo6,17,25,68%,1.12
cod code solver,17,25,68%,2.64
terminus zombies calculator,16,482,3.32%,7.06
call of duty black ops 6 zombies terminus code,16,343,4.66%,7.56
easter egg terminus calculator,16,319,5.02%,5.23
what is the terminus code,16,183,8.74%,5.15
bo6 terminus code cracker,16,144,11.11%,4.33
terminus symbol code,16,128,12.5%,4.9
terminus equation solver,16,124,12.9%,8.9
calculadora terminus easter egg,16,115,13.91%,5.18
sequence for terminus,16,101,15.84%,5.09
bo6 terminus easter egg code calculator,16,76,21.05%,3.3
code solver bo6 terminus,16,53,30.19%,3.91
terminus computer code solver,16,42,38.1%,4.57
terminus computer solver,16,39,41.03%,3.97
terminus code xyz,16,37,43.24%,2
bo6 terminus easter egg rechner,16,22,72.73%,1
zombie terminus code,15,331,4.53%,7.4
terminal calculator bo6,15,242,6.2%,5.5
cod zombies calculator bo6,15,86,17.44%,2.33
terminus computer calculator,15,85,17.65%,5.11
zombies bo6 code terminus,15,79,18.99%,4.77
terminus easter egg xyz,15,52,28.85%,4.85
bo6 terminus tool,15,47,31.91%,2.98
bo6 zombies codes terminus,15,32,46.88%,1.84
terminus easyer egg code,15,26,57.69%,3.19
terminus calc,14,920,1.52%,7.26
terminus code rechner,14,315,4.44%,5.13
terminus calculator code,14,291,4.81%,6.38
terminus bo6 code calculator,14,223,6.28%,5.36
b06 zombies calculator,14,151,9.27%,3.63
bo6 terminus easter egg math,14,132,10.61%,4.88
termins calculator,14,79,17.72%,3.35
x y z bo6 zombies,14,67,20.9%,3.84
terminus code input,14,65,21.54%,4.52
bo6 zombies xyz,14,57,24.56%,3.28
terminus sequence solver,14,56,25%,4.09
code terminus easter egg,14,55,25.45%,5.2
all terminus codes bo6,14,42,33.33%,3.02
bo6 easter egg code calculator,14,40,35%,1.82
xyz terminus bo6,14,40,35%,2.4
terminus easter code,14,38,36.84%,4.03
call of duty bo6 terminus code,14,33,42.42%,1.45
terminus cofe,14,32,43.75%,1.34
terminus easter egg code solver free,14,27,51.85%,1.26
bo6 terminus code site,14,24,58.33%,1.29
bo6 terminus rechner,13,155,8.39%,3.86
calcul bo6 terminus,13,146,8.9%,5.31
bo6 equation terminus,13,139,9.35%,6.2
calculator bo6 terminus,13,118,11.02%,6.21
terminus code zombies,13,103,12.62%,6.97
black ops 6 terminus puzzle solver,13,90,14.44%,4.11
terminus code solver free,13,90,14.44%,5.53
all terminal codes bo6,13,87,14.94%,5.8
cod zombies calculator terminus,13,76,17.11%,3.67
terminus laptop code,13,68,19.12%,4.99
call of duty black ops 6 terminus easter egg code,13,52,25%,5.06
bo6 terminus symbols,13,50,26%,3.52
codes for terminus bo6,13,45,28.89%,1.73
bo6 xyz,13,45,28.89%,2.24
terminus input sequences,13,35,37.14%,4.57
bo6 code calc,13,30,43.33%,1.67
code easter egg terminus,13,21,61.9%,2.48
terminus vode,13,20,65%,1.3
codes terminus bo6,13,20,65%,1.5
terminus easter egg code tool,13,16,81.25%,1.94
how to calculate terminus easter egg,13,15,86.67%,1.33
terminus algebra,12,829,1.45%,8.78
code calculator terminus,12,393,3.05%,6.53
cod 6 zombies terminus code,12,281,4.27%,6.83
code terminus calculator,12,256,4.69%,5.8
what is the terminus code bo6,12,158,7.59%,5.99
black ops 6 terminus equation solver,12,157,7.64%,5.29
call of duty black ops 6 calculator,12,142,8.45%,4.04
terminus cheat sheet bo6,12,126,9.52%,3.37
black ops 6 xyz code,12,106,11.32%,4.95
cod bo6 zombies calculator,12,103,11.65%,3.11
terminus code black ops 6,12,84,14.29%,5.79
black ops 6 zombie terminus code,12,80,15%,5.41
cod bo6 zombies code terminus,12,76,15.79%,4.32
call of duty calculator bo6,12,69,17.39%,2.2
terminus input sequence code,12,60,20%,3.5
calculateur bo6 zombie,12,60,20%,3.52
bo6 terminus x y z,12,49,24.49%,2.27
terminus passcode bo6,12,45,26.67%,2.93
bo6 code cracker terminus,12,39,30.77%,3.54
terminus island easter egg calculator,12,28,42.86%,1.5
cod zombies terminus code calculator,12,28,42.86%,3.5
bo6 terminus code solve,12,19,63.16%,2.26
terminus puzzle,11,883,1.25%,7.01
cod terminus calculator,11,348,3.16%,6.6
terminus puzzle calculator,11,344,3.2%,6.68
bo6 terminus puzzle,11,282,3.9%,5.61
code bo6,11,210,5.24%,8.27
termius calculator,11,203,5.42%,5.08
cod black ops 6 zombies terminus code,11,151,7.28%,7.64
terminus x y z,11,148,7.43%,4.19
calculadora easter egg terminus,11,143,7.69%,4.72
bo6 terminus xyz calculator,11,136,8.09%,5.72
bo6 math easter egg,11,107,10.28%,4.09
terminus black ops 6 code,11,95,11.58%,5.77
bo6 zombie terminus code calculator,11,58,18.97%,4.19
bo6 terminus all codes,11,56,19.64%,4.57
black ops 6 zombies code calculator,11,51,21.57%,4.84
termius calc,11,49,22.45%,4.41
code black ops 6 terminus,11,40,27.5%,5.1
math solver bo6,11,38,28.95%,2.26
github bo6,11,37,29.73%,1.57
solve terminus,11,25,44%,2.12
terminus bo6 codes,11,25,44%,2.4
terminus code b06,11,24,45.83%,2.42
zombies terminus codes,11,24,45.83%,3.67
bo6 code generator terminus,11,20,55%,1.25
terminus values bo6,11,20,55%,2.25
terminus math easter egg,10,319,3.13%,6.26
black ops 6 terminus math puzzle,10,319,3.13%,7.16
black ops 6 zombie calculator,10,189,5.29%,4.72
terminus calculator website,10,166,6.02%,7.28
terminus easter egg numbers,10,143,6.99%,6.36
bo6 code terminus calculator,10,133,7.52%,5.73
terminus calculator zombies,10,121,8.26%,6.17
black ops 6 equation solver,10,87,11.49%,4.24
terminus math step solver,10,71,14.08%,3.86
bo6 zombies code terminus calculator,10,69,14.49%,4.29
b06 zombie calculator,10,68,14.71%,4.46
bo6 code zombies,10,67,14.93%,7.39
b06 calculator zombies,10,60,16.67%,2.87
cod terminus codes,10,43,23.26%,3
terminus zombies code solver,10,43,23.26%,3.51
cod solver,10,36,27.78%,4.36
cod bo6 zombies terminus calculator,10,32,31.25%,3
zombies terminus code solver,10,29,34.48%,2.62
terminus sequence bo6 code,10,26,38.46%,2.04
terminus code breaker bo6,10,25,40%,3.52
terminus easter egg code breaker,10,12,83.33%,3.92
calculator terminus,9,546,1.65%,8.36
terminus math code,9,536,1.68%,7.09
terminus zombie code,9,174,5.17%,7.14
call of duty zombies terminus code,9,120,7.5%,5.96
terminus code bo6 calculator,9,110,8.18%,5.9
black ops 6 calculator zombies,9,94,9.57%,3.93
terminus laptop calculator,9,82,10.98%,5.15
terminus all codes,9,81,11.11%,4.7
bo6 terminus numbers,9,80,11.25%,5.45
terminus rechner bo6,9,77,11.69%,2.92
b06 zombies terminus code,9,67,13.43%,5.94
terminus bo6 easter egg calculator,9,61,14.75%,3.38
codigo easter egg terminus,9,54,16.67%,6.07
bo6 terminus calculator free,9,43,20.93%,3.77
bo6 github,9,39,23.08%,1.87
all codes terminus,9,34,26.47%,4.88
terminus codes black ops 6,9,32,28.12%,3.66
zombie bo6 calculator,9,32,28.12%,3.88
code cracker bo6 terminus,9,26,34.62%,2.81
terminator calculator,9,25,36%,3.56
terminus easter egg code cracker,9,24,37.5%,5.04
b06 code terminus,9,23,39.13%,1.83
black ops 6 terminus code website,9,22,40.91%,1.64
termanis code,9,22,40.91%,2.59
terminus easter egg math website,9,21,42.86%,2
bo6 ee solver,9,20,45%,1.5
code terminal bo6,9,19,47.37%,3.05
b06 code solver,9,18,50%,1.28
zombies terminus solver,9,18,50%,3.33
termius easter egg code,9,16,56.25%,1.75
terminus algebra solver,8,798,1%,6.01
bo6 math,8,547,1.46%,6.41
what is the code for terminus bo6,8,318,2.52%,7.78
terminus easter egg calc,8,245,3.27%,6.46
bo6 math terminus,8,223,3.59%,7.26
bo6 zombies terminus math,8,218,3.67%,7.46
zombies calculator terminus,8,126,6.35%,5.85
b06 terminus code calculator,8,115,6.96%,5.67
terminus-calculator,8,104,7.69%,5.77
bo6 symbol calculator,8,101,7.92%,4.31
termius solver,8,92,8.7%,3.92
all codes for terminus,8,91,8.79%,5.97
terminus code calculater,8,68,11.76%,4.75
calculadora bo6 terminus,8,60,13.33%,6.78
black ops 6 algebra solver,8,58,13.79%,4.88
b06 terminus easter egg calculator,8,57,14.04%,3.86
terminus formula,8,48,16.67%,4.9
terminus code cracker bo6,8,41,19.51%,3.68
code terminus black ops 6,8,38,21.05%,4.92
black ops 6 easter egg terminus code,8,37,21.62%,6.68
bo6 zombies x y z,8,33,24.24%,3.52
black ops terminus codes,8,29,27.59%,5.52
terminus code help,8,28,28.57%,3.29
terminus easter egg guide calculator,8,25,32%,2.56
terminus code decipher,8,24,33.33%,4.17
terminus code cheat sheet,8,23,34.78%,4.61
sequence code bo6,8,22,36.36%,2.23
black ops 6 code generator,8,22,36.36%,4.5
b06 terminus code solver,8,20,40%,2.35
termus code,8,19,42.11%,1.58
terminus numbers code,8,18,44.44%,2.06
bo6 terminus website,8,15,53.33%,1
xyz puzzle bo6,8,15,53.33%,2.53
terminus easteregg code,8,11,72.73%,1.27
terminud code,8,10,80%,1.5
bo6 terminus easter egg,7,1928,0.36%,9.02
terminus equation,7,313,2.24%,10.37
bo6 terminus algebra,7,283,2.47%,6.82
cod 6 calculator,7,198,3.54%,4
bo6 zombies equation solver,7,190,3.68%,5.42
black ops 6 zombies terminus calculator,7,176,3.98%,7.61
calculadora bo6,7,171,4.09%,4.73
bo6 zombie code,7,169,4.14%,9.22
zombies code bo6,7,159,4.4%,7.76
cod zombies terminus calculator,7,142,4.93%,6.35
cod terminus math,7,135,5.19%,7.7
bo6 zombies puzzle solver,7,122,5.74%,3.25
calculator bo6,7,116,6.03%,6.03
bo6 zombie terminus calculator,7,98,7.14%,6.51
black ops terminus code calculator,7,93,7.53%,6.14
bo6 zombies triangulation code,7,84,8.33%,8.27
calculateur zombie bo6,7,78,8.97%,3.76
xyz puzzle terminus,7,65,10.77%,5.18
calculator black ops 6,7,44,15.91%,2.66
terminus all possible codes,7,42,16.67%,5.86
bo6 easter egg terminus math,7,37,18.92%,4.54
bo6 zombies easter egg code,7,37,18.92%,6
bo6 terminus zombies code,7,35,20%,4.29
terminus easter egg math code,7,34,20.59%,4.56
terminus cheat code,7,31,22.58%,3.48
bo6 terminus ee code,7,27,25.93%,4.52
zombies bo6 terminus code,7,26,26.92%,3.15
terminus website code,7,23,30.43%,3.22
calcular terminus bo6,7,16,43.75%,2.56
black ops 6 terminus decoder,7,15,46.67%,2
terminal bo6 code,7,15,46.67%,2
bo6 easter egg terminus code solver,7,12,58.33%,1.83
terminus ww calculator,7,11,63.64%,2.09
terminus code translator,7,10,70%,1.5
website for terminus easter egg,7,10,70%,1.7
how to solve the terminus code,6,509,1.18%,8.33
terminus math puzzle calculator,6,488,1.23%,7.06
bo6 terminus math puzzle,6,449,1.34%,8.21
terminus maths puzzle,6,159,3.77%,9.01
all possible terminus codes,6,99,6.06%,6.3
math for terminus easter egg,6,89,6.74%,5.3
terminus puzzle code,6,88,6.82%,5.17
terminus easter egg computer code,6,82,7.32%,7.99
all codes for terminus bo6,6,59,10.17%,5.08
calculator easter egg terminus,6,51,11.76%,4.84
terminuscalculator,6,51,11.76%,6.96
black ops 6 terminus code breaker,6,45,13.33%,5.84
terminus calculate,6,41,14.63%,3.66
bo6 terminus cal,6,39,15.38%,4.97
black.ops 6 terminus code,6,37,16.22%,4.95
terminus easter egg math guide,6,37,16.22%,6.05
bo6 zombies xyz calculator,6,26,23.08%,3.19
calculer terminus bo6,6,26,23.08%,4.46
terminus code cheat,6,20,30%,3.2
bo6 zombies terminus solver,6,19,31.58%,2.53
zombies terminus easter egg code,6,19,31.58%,7
code in terminus bo6,6,17,35.29%,2.18
terminus code chart,6,13,46.15%,1.92
terminus math site,6,12,50%,1.5
terminus math tool,6,11,54.55%,3.45
terminus easter egg codigo,6,11,54.55%,5.73
cod bo6 terminus rechner,6,9,66.67%,1
cod bo6 terminus code generator,6,9,66.67%,1.11
terminus code helper,6,9,66.67%,1.89
termis calculator,6,8,75%,1.12
bo6 sequence terminus,6,7,85.71%,2.14
terminus code cracker,5,263,1.9%,5.22
terminus puzzle solver,5,223,2.24%,9.74
cod 6 terminus math,5,197,2.54%,8.63
black ops 6 terminus math,5,146,3.42%,6.83
terminus bo6 equation,5,143,3.5%,7.17
bo6 zombies algebra solver,5,141,3.55%,7.06
terminus algebra step,5,116,4.31%,8.09
terminus code puzzle,5,92,5.43%,5.53
terminus bo6 math,5,92,5.43%,6.8
terminus xyz puzzle,5,90,5.56%,5.46
terminus easter egg math puzzle,5,87,5.75%,6.75
terminus calculater,5,83,6.02%,6.01
bo6 zombie calc,5,82,6.1%,2.96
terminus code answer,5,78,6.41%,8.65
cod terminus code calculator,5,74,6.76%,5.51
call of duty bo6 terminus calculator,5,72,6.94%,4.15
black ops 6 terminal code,5,72,6.94%,7.08
bo6 terminus laptops,5,71,7.04%,5.28
terminus math website,5,67,7.46%,3.97
terminus x y z puzzle,5,66,7.58%,5.45
cod 6 zombies calculator,5,64,7.81%,5.06
cod6 terminus code,5,61,8.2%,8.48
terminus easter calculator,5,59,8.47%,4.54
terminus easter egg maths,5,59,8.47%,5.42
b06 terminus math,5,59,8.47%,5.95
bo6 zombies math solver,5,58,8.62%,5.19
terminus calibrator code,5,44,11.36%,4.89
bo6 terminus code puzzle,5,43,11.63%,5.23
bo 6 calculator,5,38,13.16%,3.21
black ops 6 math solver,5,37,13.51%,4.92
code step terminus,5,36,13.89%,6.22
calcul bo6,5,32,15.62%,4.72
code for easter egg terminus,5,31,16.13%,4.65
calculateur zombie terminus,5,30,16.67%,9.67
bo6 terminus input code,5,29,17.24%,4.17
terminus bo6 solver,5,27,18.52%,3.96
cod bo6 zombie terminus code,5,24,20.83%,5.38
cod terminus easter egg code,5,23,21.74%,4.52
codigo de terminus,5,23,21.74%,6.7
terminus input sequence bo6,5,22,22.73%,4.14
calcule bo6 terminus,5,20,25%,3.9
map terminus,5,20,25%,8.6
terminus code ee,5,18,27.78%,5.33
black ops 6 terminus easter egg solver,5,16,31.25%,2.25
terminus bo6 easter egg code,5,14,35.71%,2.43
b06 terminus code website,5,13,38.46%,2.23
terminus b06 code,5,10,50%,3.1
cod bo6 terminus computer code,5,9,55.56%,6.33
bo6 terminus math website,5,8,62.5%,2.38
cod code calculator,5,7,71.43%,2.29
site code bo6 terminus,5,6,83.33%,1
terminus.code,5,6,83.33%,1
code solver,4,476,0.84%,9.39
terminus math problem,4,234,1.71%,9.74
zombie terminus calculator,4,205,1.95%,6.83
cod calculator terminus,4,197,2.03%,8.03
calculator easter eggs,4,167,2.4%,5.84
terminus math bo6,4,167,2.4%,6.57
code for zombies terminus,4,157,2.55%,7.64
terminus problem solver,4,139,2.88%,5.48
bo6 caculator,4,138,2.9%,4.64
terminus code math,4,106,3.77%,5.66
black ops terminus calculator,4,106,3.77%,8.86
bo6 maths terminus,4,105,3.81%,7.14
solve terminus math,4,101,3.96%,7.95
terminus numbers puzzle,4,97,4.12%,8.85
terminus algebra step calculator,4,84,4.76%,4.68
zombie code terminus,4,84,4.76%,9.52
terminusolver,4,78,5.13%,6.83
call of duty terminus code calculator,4,75,5.33%,6.05
cod 6 terminus calculator,4,73,5.48%,7.34
terminus code solution,4,67,5.97%,7.22
terminus easter egg math calculator,4,63,6.35%,6.48
terminus zombie calculator,4,63,6.35%,6.79
black ops six terminus code,4,62,6.45%,8.21
bo6 easter egg math,4,53,7.55%,5.13
termius math solver,4,51,7.84%,4.43
calculator easter egg,4,51,7.84%,6.35
terminus sticky note calculator,4,51,7.84%,6.73
bo6 code calculator terminus,4,49,8.16%,5.04
zombies bo6 terminus calculator,4,45,8.89%,4.51
terminus calcualtor,4,44,9.09%,5.07
terminus computer code bo6,4,44,9.09%,5.48
black ops 6 terminal codes,4,44,9.09%,8.59
zombies puzzle solver,4,37,10.81%,3.76
zombie bo6 code terminus,4,36,11.11%,6.36
terminus puzzle solver bo6,4,35,11.43%,5.83
calculateur terminus bo6,4,35,11.43%,7.57
cod bo6 math,4,35,11.43%,8.46
cod bo6 terminus code breaker,4,34,11.76%,4.44
terminus research office code,4,34,11.76%,5.12
zombies terminus easter egg calculator,4,33,12.12%,3.39
research office code bo6,4,33,12.12%,4.76
black ops 6 calc,4,32,12.5%,2.62
calculadora terminus island,4,32,12.5%,5.38
the code for terminus,4,31,12.9%,4.39
black ops 6 terminus math solver,4,31,12.9%,4.68
bo 6 terminus calculator,4,31,12.9%,5.52
terminus tool,4,28,14.29%,9.61
bo6 terminal calculator,4,25,16%,4.88
bo6 zombies sequence code,4,25,16%,7.04
bo6 zombies terminus computer code,4,24,16.67%,7.92
terminus code calculatir,4,23,17.39%,4.57
ecuacion terminus bo6,4,21,19.05%,6.14
terminus easter egg x y z,4,20,20%,4.7
wonder weapon terminus calculator,4,19,21.05%,2.95
terminus ee puzzle solver,4,19,21.05%,3.26
terminus code site,4,19,21.05%,3.32
terminus code cheat sheet bo6,4,18,22.22%,3.06
terminus clac,4,18,22.22%,3.33
terminus easter egg number puzzle,4,18,22.22%,7.5
terminus easter egg formula,4,16,25%,4.62
zombie bo6 terminus code,4,15,26.67%,2.8
déchiffrer code terminus bo6,4,14,28.57%,4.79
terminus puzzle solve,4,14,28.57%,5.36
terminus easter egg calculation,4,13,30.77%,1.69
terminus code game bo6,4,12,33.33%,3.83
bo6 terminus generator,4,11,36.36%,2
call of duty terminus easter egg code,4,10,40%,4.5
terminus ee numbers,4,10,40%,8.9
bo6 code website,4,8,50%,2.75
call of duty easter egg calculator,4,7,57.14%,2.14
easter egg terminus ecuacion,4,7,57.14%,10.43
sequence code for terminus,4,6,66.67%,1
cod bo6 code calculator,4,5,80%,1
terminus math equation,3,356,0.84%,9.57
terminus math problem solver,3,191,1.57%,6.08
bo6 zombies equation,3,191,1.57%,9.52
zombies equation bo6,3,185,1.62%,9.22
what is the code for terminus,3,172,1.74%,7.53
terminus laptop locations,3,169,1.78%,7.98
math terminus,3,144,2.08%,7.99
terminus map calculator,3,122,2.46%,4.97
calcul terminus,3,106,2.83%,4.51
easter egg calculator terminus,3,106,2.83%,6.14
terminus easter egg algebra,3,105,2.86%,5.35
bo6 easter egg terminus,3,98,3.06%,10.33
bo6 terminus math code,3,83,3.61%,5.75
bo6 terminus math step,3,81,3.7%,7.49
input sequence bo6 zombies,3,81,3.7%,8.3
terminus equation calculator bo6,3,78,3.85%,8.45
terminus wonder weapon code solver,3,74,4.05%,3.19
black ops 6 terminus puzzle,3,73,4.11%,7.74
terminus math solution,3,70,4.29%,8.59
terminus xyz solver,3,68,4.41%,5.16
terminus easter eg,3,68,4.41%,6.24
terminus ee math,3,66,4.55%,3.76
terminus calculator black ops 6,3,56,5.36%,6.62
terminus solution,3,56,5.36%,9
terminus algebra code,3,55,5.45%,6.75
bo6 terminus calculater,3,54,5.56%,5.28
terminus code cod,3,54,5.56%,5.33
bo6 terminus math equation,3,52,5.77%,7.87
terminus code cal,3,49,6.12%,4.9
https terminus solver,3,48,6.25%,4.85
terminis calculator,3,47,6.38%,5.36
terminus xyz calc,3,45,6.67%,5.18
black ops 6 terminus easter egg math,3,43,6.98%,6.28
terminus cod zombies code,3,43,6.98%,6.86
terminussolve,3,42,7.14%,2.43
cod black ops 6 terminus math,3,42,7.14%,5.38
call of duty 6 terminus code,3,42,7.14%,8.48
terminus calcul,3,40,7.5%,4.53
terminus laptops bo6,3,40,7.5%,4.62
cod black ops 6 calculator,3,38,7.89%,2.87
terminus black ops 6 calculator,3,37,8.11%,6.92
black ops 6 github,3,35,8.57%,3.8
terminus calculator b06,3,35,8.57%,5.03
terminus bo6 math problem,3,35,8.57%,8.23
bo6 calculateur terminus,3,34,8.82%,5.47
code zombie terminus,3,33,9.09%,8.85
bo6 zombie rechner,3,32,9.38%,3.09
calcolatore terminus,3,30,10%,2.47
black ops 6 terminus math code,3,29,10.34%,7.14
math easter egg terminus,3,29,10.34%,7.69
bo6 terminus code math,3,28,10.71%,4.68
bo6 terminus triangulation code,3,28,10.71%,6.11
bo6 terminus algebra solver,3,27,11.11%,4.56
terminssolver,3,27,11.11%,5.37
all bo6 terminus codes,3,27,11.11%,6.11
zombies easter egg terminus calculator,3,26,11.54%,3.62
codigos terminus,3,26,11.54%,7.73
easter egg calculator bo6,3,24,12.5%,3.21
b06 terminus calc,3,24,12.5%,4.96
zombies bo6 code,3,24,12.5%,8.29
black ops 6 code for terminus,3,23,13.04%,6.96
calculatrice bo6,3,22,13.64%,3.36
terminus code equation,3,22,13.64%,8.18
black ops 6 easter egg code,3,22,13.64%,8.41
bo6 puzzle terminus,3,19,15.79%,6.79
terminus code crack,3,18,16.67%,4.89
terminus ww code,3,18,16.67%,4.89
terminus calculations,3,18,16.67%,6.06
terminus bo6 code solver,3,17,17.65%,3.12
calcule terminus,3,17,17.65%,5.18
terminus code break,3,17,17.65%,6.06
terminus laptop,3,17,17.65%,6.12
terminus zombie code calculator,3,17,17.65%,7.12
bo6 terminus code solver free,3,16,18.75%,4
bo6 research office code,3,16,18.75%,6.69
codigo mapa terminus,3,16,18.75%,7.44
terminus code gen,3,15,20%,2.27
black ops 6 terminus calc,3,15,20%,3.8
terminus bo6 sequence,3,15,20%,4.13
black ops 6 zombies terminus easter egg code,3,15,20%,7.73
terminus easter egg code math,3,14,21.43%,3.43
bo6 code breaker,3,14,21.43%,5.21
terminus easter egg triangulation,3,14,21.43%,5.79
bo6 zombies code generator,3,13,23.08%,2.23
site code terminus,3,13,23.08%,6
bo6 terminus code step,3,11,27.27%,1.82
bo6 zombie solver,3,11,27.27%,2.73
bo6 codigo terminus,3,11,27.27%,3.27
bo6 zombies code breaker,3,11,27.27%,6.55
code sequence bo6,3,10,30%,3
sequence in terminus,3,10,30%,4.3
zombies terminus math solver,3,10,30%,4.3
terminus easter egg all codes,3,10,30%,5.6
bo6 easter egg calc,3,9,33.33%,1.67
black ops 6 zombies easter egg calculator,3,8,37.5%,1.62
cod bo 6 terminus code,3,8,37.5%,2.25
terminus laptop codes,3,8,37.5%,3.62
terminus number sequence,3,8,37.5%,3.62
bo6 terminus easter egg codes,3,7,42.86%,1.86
bo6 terminus ee solver,3,7,42.86%,1.86
easter egg terminus codigo,3,7,42.86%,4.86
bo6 teminus code,3,5,60%,1.2
call of duty black ops 6 terminus code website,3,5,60%,1.2
cod bo6 terminus solver,3,5,60%,1.8
terminus ee tool,3,5,60%,2.2
github bo6 cheat,3,4,75%,1.75
terminus code app,3,4,75%,3.75
terminus code reader,3,3,100%,2.33
terminal bo6,2,309,0.65%,6.21
bo6 codes,2,212,0.94%,11.26
bo6 terminal,2,166,1.2%,6.81
terminus easyer egg,2,141,1.42%,6.11
terminus maths,2,129,1.55%,9.6
terminus math guide,2,115,1.74%,7.4
how to solve code terminus,2,115,1.74%,7.65
bo6 math problem,2,110,1.82%,6.75
bo6 calculater,2,106,1.89%,4.87
terminus number,2,91,2.2%,9.21
cod bo6 equation,2,89,2.25%,8.22
math step terminus,2,85,2.35%,8.19
how to figure out code on terminus,2,84,2.38%,7.94
cod bo6 terminus equation,2,81,2.47%,8.56
terminus equations bo6,2,78,2.56%,8.45
cod terminus math puzzle,2,76,2.63%,8.74
call of duty black ops 6 zombies calculator,2,74,2.7%,4.54
zombies input sequence,2,72,2.78%,9.28
terminus math answer,2,70,2.86%,9.83
black ops 6 zombies terminus math puzzle,2,68,2.94%,8.16
terminus resolver,2,67,2.99%,3.4
terminus symbols,2,66,3.03%,7.76
code for terminus zombies,2,64,3.12%,6.88
calculadora de terminus,2,63,3.17%,5.05
bo6 zombies input sequence,2,63,3.17%,8.98
terminus easter eggs,2,63,3.17%,20.29
easter egg code,2,62,3.23%,8.26
calculadora terminus black ops 6,2,60,3.33%,4.12
bo6 zombie math puzzle,2,60,3.33%,8.5
terminus eater egg,2,57,3.51%,5.65
terminus access code,2,57,3.51%,6.65
calculateur code terminus bo6,2,57,3.51%,8.11
easter egg terminus math,2,54,3.7%,5.78
how to solve the code in terminus,2,54,3.7%,7.78
terminus egg calculator,2,52,3.85%,5.67
how to figure out terminal code bo6,2,49,4.08%,5.61
bo6 rechner,2,48,4.17%,3.19
bo6 terminus laptop locations,2,43,4.65%,6.74
how to figure out the terminus code,2,43,4.65%,8.49
call of duty zombie code terminus,2,43,4.65%,9.05
call of duty terminus calculator,2,42,4.76%,5.4
bo6 calulator,2,40,5%,4.53
terminus computer code calculator,2,40,5%,7.22
input sequence zombies,2,39,5.13%,9.62
bo6 terminus puzzle calculator,2,38,5.26%,7.21
termius code,2,37,5.41%,8
bo6 terminus cheat sheet,2,36,5.56%,3.56
terminus access code bo6,2,36,5.56%,4.75
terminus code numbers,2,35,5.71%,2.63
terminus math solver bo6,2,35,5.71%,3
bo6 math answers,2,35,5.71%,7.6
code for zombies bo6,2,35,5.71%,7.71
terminus codebreaker,2,34,5.88%,4.41
bo6 zombies easter egg terminus math puzzle,2,34,5.88%,6.26
calcul code terminus bo6,2,33,6.06%,3.79
bo6 zombies terminus codes,2,33,6.06%,3.88
cod6 calculator,2,33,6.06%,4.36
black ops 6 math calculator,2,33,6.06%,4.94
bo6 math step,2,33,6.06%,7.52
how to use terminus calculator,2,32,6.25%,6.16
calculadora de terminus bo6,2,32,6.25%,6.22
resoudre equation bo6 terminus,2,32,6.25%,7.28
solve terminus equation,2,32,6.25%,9.59
bo6 calcul,2,31,6.45%,2.45
computer code terminus bo6,2,31,6.45%,5.1
solve code terminus,2,31,6.45%,5.29
terminus calcultor,2,31,6.45%,6.16
terminus possible codes,2,30,6.67%,5.2
terminus calculatir,2,29,6.9%,6.14
bo6 termius,2,29,6.9%,6.52
call of duty black ops 6 zombies terminus calculator,2,29,6.9%,8.83
terminus code easter egg calculator,2,28,7.14%,3.86
b06 zombies terminus calculator,2,28,7.14%,7.61
bo6 zombies terminus math puzzle,2,28,7.14%,8.14
black ops 6 x y z,2,27,7.41%,7.07
black ops 6 input sequence,2,27,7.41%,8.37
terminus maths code,2,26,7.69%,6.31
cod bo6 zombie calculator,2,25,8%,4.44
terminus math ee,2,24,8.33%,4.54
laptop locations terminus bo6,2,24,8.33%,5.92
terminus combination,2,24,8.33%,6.33
terminus algebra easter egg,2,24,8.33%,6.58
code zombies bo6,2,24,8.33%,7.92
code bo6 zombies,2,24,8.33%,8.58
terminus solved,2,24,8.33%,9
github black ops 6,2,23,8.7%,4.74
cod zombie terminus code,2,22,9.09%,4.77
black ops 6 solver,2,21,9.52%,2.67
math terminus easter egg,2,21,9.52%,6.14
código terminus,2,21,9.52%,7.95
b06 math calculator,2,19,10.53%,2.11
bo6 sequence calculator,2,19,10.53%,2.89
terminus pc code,2,19,10.53%,5.58
terminus wonder weapon solver,2,18,11.11%,3
terminus code solver website,2,18,11.11%,5.56
terminus caculator,2,18,11.11%,5.89
black ops 6 zombies terminus codes,2,18,11.11%,7.56
terminus easter egg solve,2,18,11.11%,7.89
bo6 computer code terminus,2,17,11.76%,4.76
bo6 laptop locations,2,16,12.5%,4.81
bo6 zombie math calculator,2,15,13.33%,3.13
math solver terminus,2,15,13.33%,4.33
terminus easter egg equation calculator,2,15,13.33%,4.6
computer code bo6 terminus,2,15,13.33%,5
codigos bo6 terminus,2,15,13.33%,5.2
bo6 easter egg math problem,2,15,13.33%,6.73
terminus.easter egg,2,14,14.29%,5.64
bo6 zombies terminus math solver,2,13,15.38%,4.23
math calculator terminus,2,13,15.38%,5.54
what is terminus code,2,12,16.67%,5.42
terminus computer codes,2,12,16.67%,6.08
solution terminus bo6,2,12,16.67%,8.17
code to terminus,2,11,18.18%,2.91
bo6 formula terminus,2,11,18.18%,4.09
terminus bo6 calcul,2,11,18.18%,4.82
possible terminus codes,2,10,20%,2.8
terminus code calculator black ops 6,2,10,20%,3.2